/*
SQLyog Ultimate v11.27 (32 bit)
MySQL - 5.7.9-log : Database - flyray-security
*********************************************************************
*/


/*!40101 SET NAMES utf8 */;

/*!40101 SET SQL_MODE=''*/;

/*!40014 SET @OLD_UNIQUE_CHECKS=@@UNIQUE_CHECKS, UNIQUE_CHECKS=0 */;
/*!40014 SET @OLD_FOREIGN_KEY_CHECKS=@@FOREIGN_KEY_CHECKS, FOREIGN_KEY_CHECKS=0 */;
/*!40101 SET @OLD_SQL_MODE=@@SQL_MODE, SQL_MODE='NO_AUTO_VALUE_ON_ZERO' */;
/*!40111 SET @OLD_SQL_NOTES=@@SQL_NOTES, SQL_NOTES=0 */;
CREATE DATABASE /*!32312 IF NOT EXISTS*/`flyray-security` /*!40100 DEFAULT CHARACTER SET utf8 */;

USE `flyray-security`;

/*Table structure for table `qrtz_blob_triggers` */

DROP TABLE IF EXISTS `qrtz_blob_triggers`;

CREATE TABLE `qrtz_blob_triggers` (
  `SCHED_NAME` varchar(120) NOT NULL,
  `TRIGGER_NAME` varchar(200) NOT NULL,
  `TRIGGER_GROUP` varchar(200) NOT NULL,
  `BLOB_DATA` blob,
  PRIMARY KEY (`SCHED_NAME`,`TRIGGER_NAME`,`TRIGGER_GROUP`),
  KEY `SCHED_NAME` (`SCHED_NAME`,`TRIGGER_NAME`,`TRIGGER_GROUP`),
  CONSTRAINT `qrtz_blob_triggers_ibfk_1` FOREIGN KEY (`SCHED_NAME`, `TRIGGER_NAME`, `TRIGGER_GROUP`) REFERENCES `qrtz_triggers` (`SCHED_NAME`, `TRIGGER_NAME`, `TRIGGER_GROUP`)
) ENGINE=InnoDB DEFAULT CHARSET=utf8;

/*Data for the table `qrtz_blob_triggers` */

/*Table structure for table `qrtz_calendars` */

DROP TABLE IF EXISTS `qrtz_calendars`;

CREATE TABLE `qrtz_calendars` (
  `SCHED_NAME` varchar(120) NOT NULL,
  `CALENDAR_NAME` varchar(200) NOT NULL,
  `CALENDAR` blob NOT NULL,
  PRIMARY KEY (`SCHED_NAME`,`CALENDAR_NAME`)
) ENGINE=InnoDB DEFAULT CHARSET=utf8;

/*Data for the table `qrtz_calendars` */

/*Table structure for table `qrtz_cron_triggers` */

DROP TABLE IF EXISTS `qrtz_cron_triggers`;

CREATE TABLE `qrtz_cron_triggers` (
  `SCHED_NAME` varchar(120) NOT NULL,
  `TRIGGER_NAME` varchar(200) NOT NULL,
  `TRIGGER_GROUP` varchar(200) NOT NULL,
  `CRON_EXPRESSION` varchar(120) NOT NULL,
  `TIME_ZONE_ID` varchar(80) DEFAULT NULL,
  PRIMARY KEY (`SCHED_NAME`,`TRIGGER_NAME`,`TRIGGER_GROUP`),
  CONSTRAINT `qrtz_cron_triggers_ibfk_1` FOREIGN KEY (`SCHED_NAME`, `TRIGGER_NAME`, `TRIGGER_GROUP`) REFERENCES `qrtz_triggers` (`SCHED_NAME`, `TRIGGER_NAME`, `TRIGGER_GROUP`)
) ENGINE=InnoDB DEFAULT CHARSET=utf8;

/*Data for the table `qrtz_cron_triggers` */

insert  into `qrtz_cron_triggers`(`SCHED_NAME`,`TRIGGER_NAME`,`TRIGGER_GROUP`,`CRON_EXPRESSION`,`TIME_ZONE_ID`) values ('RenrenScheduler','TASK_1','DEFAULT','0 0/30 * * * ?','Asia/Shanghai'),('RenrenScheduler','TASK_2','DEFAULT','0 0/30 * * * ?','Asia/Shanghai');

/*Table structure for table `qrtz_fired_triggers` */

DROP TABLE IF EXISTS `qrtz_fired_triggers`;

CREATE TABLE `qrtz_fired_triggers` (
  `SCHED_NAME` varchar(120) NOT NULL,
  `ENTRY_ID` varchar(95) NOT NULL,
  `TRIGGER_NAME` varchar(200) NOT NULL,
  `TRIGGER_GROUP` varchar(200) NOT NULL,
  `INSTANCE_NAME` varchar(200) NOT NULL,
  `FIRED_TIME` bigint(13) NOT NULL,
  `SCHED_TIME` bigint(13) NOT NULL,
  `PRIORITY` int(11) NOT NULL,
  `STATE` varchar(16) NOT NULL,
  `JOB_NAME` varchar(200) DEFAULT NULL,
  `JOB_GROUP` varchar(200) DEFAULT NULL,
  `IS_NONCONCURRENT` varchar(1) DEFAULT NULL,
  `REQUESTS_RECOVERY` varchar(1) DEFAULT NULL,
  PRIMARY KEY (`SCHED_NAME`,`ENTRY_ID`),
  KEY `IDX_QRTZ_FT_TRIG_INST_NAME` (`SCHED_NAME`,`INSTANCE_NAME`),
  KEY `IDX_QRTZ_FT_INST_JOB_REQ_RCVRY` (`SCHED_NAME`,`INSTANCE_NAME`,`REQUESTS_RECOVERY`),
  KEY `IDX_QRTZ_FT_J_G` (`SCHED_NAME`,`JOB_NAME`,`JOB_GROUP`),
  KEY `IDX_QRTZ_FT_JG` (`SCHED_NAME`,`JOB_GROUP`),
  KEY `IDX_QRTZ_FT_T_G` (`SCHED_NAME`,`TRIGGER_NAME`,`TRIGGER_GROUP`),
  KEY `IDX_QRTZ_FT_TG` (`SCHED_NAME`,`TRIGGER_GROUP`)
) ENGINE=InnoDB DEFAULT CHARSET=utf8;

/*Data for the table `qrtz_fired_triggers` */

/*Table structure for table `qrtz_job_details` */

DROP TABLE IF EXISTS `qrtz_job_details`;

CREATE TABLE `qrtz_job_details` (
  `SCHED_NAME` varchar(120) NOT NULL,
  `JOB_NAME` varchar(200) NOT NULL,
  `JOB_GROUP` varchar(200) NOT NULL,
  `DESCRIPTION` varchar(250) DEFAULT NULL,
  `JOB_CLASS_NAME` varchar(250) NOT NULL,
  `IS_DURABLE` varchar(1) NOT NULL,
  `IS_NONCONCURRENT` varchar(1) NOT NULL,
  `IS_UPDATE_DATA` varchar(1) NOT NULL,
  `REQUESTS_RECOVERY` varchar(1) NOT NULL,
  `JOB_DATA` blob,
  PRIMARY KEY (`SCHED_NAME`,`JOB_NAME`,`JOB_GROUP`),
  KEY `IDX_QRTZ_J_REQ_RECOVERY` (`SCHED_NAME`,`REQUESTS_RECOVERY`),
  KEY `IDX_QRTZ_J_GRP` (`SCHED_NAME`,`JOB_GROUP`)
) ENGINE=InnoDB DEFAULT CHARSET=utf8;

/*Data for the table `qrtz_job_details` */

insert  into `qrtz_job_details`(`SCHED_NAME`,`JOB_NAME`,`JOB_GROUP`,`DESCRIPTION`,`JOB_CLASS_NAME`,`IS_DURABLE`,`IS_NONCONCURRENT`,`IS_UPDATE_DATA`,`REQUESTS_RECOVERY`,`JOB_DATA`) values ('RenrenScheduler','TASK_1','DEFAULT',NULL,'me.flyray.rbac.utils.ScheduleJob','0','0','0','0','??0sr\0org.quartz.JobDataMap???è¿©??\0\0xr\0&org.quartz.utils.StringKeyDirtyFlagMap????(\0Z\0allowsTransientDataxr\0org.quartz.utils.DirtyFlagMap??(v\n?\0Z\0dirtyL\0mapt\0Ljava/util/Map;xpsr\0java.util.HashMap??`?\0F\0\nloadFactorI\0	thresholdxp?@\0\0\0\0\0w\0\0\0\0\0\0t\0\rJOB_PARAM_KEYsr\0\'me.flyray.rbac.entity.ScheduleJobEntity\0\0\0\0\0\0\0\0L\0beanNamet\0Ljava/lang/String;L\0\ncreateTimet\0Ljava/util/Date;L\0cronExpressionq\0~\0	L\0jobIdt\0Ljava/lang/Long;L\0\nmethodNameq\0~\0	L\0paramsq\0~\0	L\0remarkq\0~\0	L\0statust\0Ljava/lang/Integer;xpt\0testTasksr\0java.util.Datehj?KYt\0\0xpw\0\0X???0xt\00 0/30 * * * ?sr\0java.lang.Long;???#?\0J\0valuexr\0java.lang.Number?????\0\0xp\0\0\0\0\0\0\0t\0testt\0renrent\0æœ‰å‚æ•°æµ‹è¯•sr\0java.lang.Integerâ ¤???8\0I\0valuexq\0~\0\0\0\0\0x\0'),('RenrenScheduler','TASK_2','DEFAULT',NULL,'me.flyray.rbac.utils.ScheduleJob','0','0','0','0','??0sr\0org.quartz.JobDataMap???è¿©??\0\0xr\0&org.quartz.utils.StringKeyDirtyFlagMap????(\0Z\0allowsTransientDataxr\0org.quartz.utils.DirtyFlagMap??(v\n?\0Z\0dirtyL\0mapt\0Ljava/util/Map;xpsr\0java.util.HashMap??`?\0F\0\nloadFactorI\0	thresholdxp?@\0\0\0\0\0w\0\0\0\0\0\0t\0\rJOB_PARAM_KEYsr\0\'me.flyray.rbac.entity.ScheduleJobEntity\0\0\0\0\0\0\0\0L\0beanNamet\0Ljava/lang/String;L\0\ncreateTimet\0Ljava/util/Date;L\0cronExpressionq\0~\0	L\0jobIdt\0Ljava/lang/Long;L\0\nmethodNameq\0~\0	L\0paramsq\0~\0	L\0remarkq\0~\0	L\0statust\0Ljava/lang/Integer;xpt\0testTasksr\0java.util.Datehj?KYt\0\0xpw\0\0X??xt\00 0/30 * * * ?sr\0java.lang.Long;???#?\0J\0valuexr\0java.lang.Number?????\0\0xp\0\0\0\0\0\0\0t\0test2pt\0æ— å‚æ•°æµ‹è¯•sr\0java.lang.Integerâ ¤???8\0I\0valuexq\0~\0\0\0\0x\0');

/*Table structure for table `qrtz_locks` */

DROP TABLE IF EXISTS `qrtz_locks`;

CREATE TABLE `qrtz_locks` (
  `SCHED_NAME` varchar(120) NOT NULL,
  `LOCK_NAME` varchar(40) NOT NULL,
  PRIMARY KEY (`SCHED_NAME`,`LOCK_NAME`)
) ENGINE=InnoDB DEFAULT CHARSET=utf8;

/*Data for the table `qrtz_locks` */

insert  into `qrtz_locks`(`SCHED_NAME`,`LOCK_NAME`) values ('RenrenScheduler','STATE_ACCESS'),('RenrenScheduler','TRIGGER_ACCESS');

/*Table structure for table `qrtz_paused_trigger_grps` */

DROP TABLE IF EXISTS `qrtz_paused_trigger_grps`;

CREATE TABLE `qrtz_paused_trigger_grps` (
  `SCHED_NAME` varchar(120) NOT NULL,
  `TRIGGER_GROUP` varchar(200) NOT NULL,
  PRIMARY KEY (`SCHED_NAME`,`TRIGGER_GROUP`)
) ENGINE=InnoDB DEFAULT CHARSET=utf8;

/*Data for the table `qrtz_paused_trigger_grps` */

/*Table structure for table `qrtz_scheduler_state` */

DROP TABLE IF EXISTS `qrtz_scheduler_state`;

CREATE TABLE `qrtz_scheduler_state` (
  `SCHED_NAME` varchar(120) NOT NULL,
  `INSTANCE_NAME` varchar(200) NOT NULL,
  `LAST_CHECKIN_TIME` bigint(13) NOT NULL,
  `CHECKIN_INTERVAL` bigint(13) NOT NULL,
  PRIMARY KEY (`SCHED_NAME`,`INSTANCE_NAME`)
) ENGINE=InnoDB DEFAULT CHARSET=utf8;

/*Data for the table `qrtz_scheduler_state` */

insert  into `qrtz_scheduler_state`(`SCHED_NAME`,`INSTANCE_NAME`,`LAST_CHECKIN_TIME`,`CHECKIN_INTERVAL`) values ('RenrenScheduler','bolei1493046286091',1493047047550,15000);

/*Table structure for table `qrtz_simple_triggers` */

DROP TABLE IF EXISTS `qrtz_simple_triggers`;

CREATE TABLE `qrtz_simple_triggers` (
  `SCHED_NAME` varchar(120) NOT NULL,
  `TRIGGER_NAME` varchar(200) NOT NULL,
  `TRIGGER_GROUP` varchar(200) NOT NULL,
  `REPEAT_COUNT` bigint(7) NOT NULL,
  `REPEAT_INTERVAL` bigint(12) NOT NULL,
  `TIMES_TRIGGERED` bigint(10) NOT NULL,
  PRIMARY KEY (`SCHED_NAME`,`TRIGGER_NAME`,`TRIGGER_GROUP`),
  CONSTRAINT `qrtz_simple_triggers_ibfk_1` FOREIGN KEY (`SCHED_NAME`, `TRIGGER_NAME`, `TRIGGER_GROUP`) REFERENCES `qrtz_triggers` (`SCHED_NAME`, `TRIGGER_NAME`, `TRIGGER_GROUP`)
) ENGINE=InnoDB DEFAULT CHARSET=utf8;

/*Data for the table `qrtz_simple_triggers` */

/*Table structure for table `qrtz_simprop_triggers` */

DROP TABLE IF EXISTS `qrtz_simprop_triggers`;

CREATE TABLE `qrtz_simprop_triggers` (
  `SCHED_NAME` varchar(120) NOT NULL,
  `TRIGGER_NAME` varchar(200) NOT NULL,
  `TRIGGER_GROUP` varchar(200) NOT NULL,
  `STR_PROP_1` varchar(512) DEFAULT NULL,
  `STR_PROP_2` varchar(512) DEFAULT NULL,
  `STR_PROP_3` varchar(512) DEFAULT NULL,
  `INT_PROP_1` int(11) DEFAULT NULL,
  `INT_PROP_2` int(11) DEFAULT NULL,
  `LONG_PROP_1` bigint(20) DEFAULT NULL,
  `LONG_PROP_2` bigint(20) DEFAULT NULL,
  `DEC_PROP_1` decimal(13,4) DEFAULT NULL,
  `DEC_PROP_2` decimal(13,4) DEFAULT NULL,
  `BOOL_PROP_1` varchar(1) DEFAULT NULL,
  `BOOL_PROP_2` varchar(1) DEFAULT NULL,
  PRIMARY KEY (`SCHED_NAME`,`TRIGGER_NAME`,`TRIGGER_GROUP`),
  CONSTRAINT `qrtz_simprop_triggers_ibfk_1` FOREIGN KEY (`SCHED_NAME`, `TRIGGER_NAME`, `TRIGGER_GROUP`) REFERENCES `qrtz_triggers` (`SCHED_NAME`, `TRIGGER_NAME`, `TRIGGER_GROUP`)
) ENGINE=InnoDB DEFAULT CHARSET=utf8;

/*Data for the table `qrtz_simprop_triggers` */

/*Table structure for table `qrtz_triggers` */

DROP TABLE IF EXISTS `qrtz_triggers`;

CREATE TABLE `qrtz_triggers` (
  `SCHED_NAME` varchar(120) NOT NULL,
  `TRIGGER_NAME` varchar(200) NOT NULL,
  `TRIGGER_GROUP` varchar(200) NOT NULL,
  `JOB_NAME` varchar(200) NOT NULL,
  `JOB_GROUP` varchar(200) NOT NULL,
  `DESCRIPTION` varchar(250) DEFAULT NULL,
  `NEXT_FIRE_TIME` bigint(13) DEFAULT NULL,
  `PREV_FIRE_TIME` bigint(13) DEFAULT NULL,
  `PRIORITY` int(11) DEFAULT NULL,
  `TRIGGER_STATE` varchar(16) NOT NULL,
  `TRIGGER_TYPE` varchar(8) NOT NULL,
  `START_TIME` bigint(13) NOT NULL,
  `END_TIME` bigint(13) DEFAULT NULL,
  `CALENDAR_NAME` varchar(200) DEFAULT NULL,
  `MISFIRE_INSTR` smallint(2) DEFAULT NULL,
  `JOB_DATA` blob,
  PRIMARY KEY (`SCHED_NAME`,`TRIGGER_NAME`,`TRIGGER_GROUP`),
  KEY `IDX_QRTZ_T_J` (`SCHED_NAME`,`JOB_NAME`,`JOB_GROUP`),
  KEY `IDX_QRTZ_T_JG` (`SCHED_NAME`,`JOB_GROUP`),
  KEY `IDX_QRTZ_T_C` (`SCHED_NAME`,`CALENDAR_NAME`),
  KEY `IDX_QRTZ_T_G` (`SCHED_NAME`,`TRIGGER_GROUP`),
  KEY `IDX_QRTZ_T_STATE` (`SCHED_NAME`,`TRIGGER_STATE`),
  KEY `IDX_QRTZ_T_N_STATE` (`SCHED_NAME`,`TRIGGER_NAME`,`TRIGGER_GROUP`,`TRIGGER_STATE`),
  KEY `IDX_QRTZ_T_N_G_STATE` (`SCHED_NAME`,`TRIGGER_GROUP`,`TRIGGER_STATE`),
  KEY `IDX_QRTZ_T_NEXT_FIRE_TIME` (`SCHED_NAME`,`NEXT_FIRE_TIME`),
  KEY `IDX_QRTZ_T_NFT_ST` (`SCHED_NAME`,`TRIGGER_STATE`,`NEXT_FIRE_TIME`),
  KEY `IDX_QRTZ_T_NFT_MISFIRE` (`SCHED_NAME`,`MISFIRE_INSTR`,`NEXT_FIRE_TIME`),
  KEY `IDX_QRTZ_T_NFT_ST_MISFIRE` (`SCHED_NAME`,`MISFIRE_INSTR`,`NEXT_FIRE_TIME`,`TRIGGER_STATE`),
  KEY `IDX_QRTZ_T_NFT_ST_MISFIRE_GRP` (`SCHED_NAME`,`MISFIRE_INSTR`,`NEXT_FIRE_TIME`,`TRIGGER_GROUP`,`TRIGGER_STATE`),
  CONSTRAINT `qrtz_triggers_ibfk_1` FOREIGN KEY (`SCHED_NAME`, `JOB_NAME`, `JOB_GROUP`) REFERENCES `qrtz_job_details` (`SCHED_NAME`, `JOB_NAME`, `JOB_GROUP`)
) ENGINE=InnoDB DEFAULT CHARSET=utf8;

/*Data for the table `qrtz_triggers` */

insert  into `qrtz_triggers`(`SCHED_NAME`,`TRIGGER_NAME`,`TRIGGER_GROUP`,`JOB_NAME`,`JOB_GROUP`,`DESCRIPTION`,`NEXT_FIRE_TIME`,`PREV_FIRE_TIME`,`PRIORITY`,`TRIGGER_STATE`,`TRIGGER_TYPE`,`START_TIME`,`END_TIME`,`CALENDAR_NAME`,`MISFIRE_INSTR`,`JOB_DATA`) values ('RenrenScheduler','TASK_1','DEFAULT','TASK_1','DEFAULT',NULL,1493047800000,-1,5,'WAITING','CRON',1490854085000,0,NULL,2,'??0sr\0org.quartz.JobDataMap???è¿©??\0\0xr\0&org.quartz.utils.StringKeyDirtyFlagMap????(\0Z\0allowsTransientDataxr\0org.quartz.utils.DirtyFlagMap??(v\n?\0Z\0dirtyL\0mapt\0Ljava/util/Map;xpsr\0java.util.HashMap??`?\0F\0\nloadFactorI\0	thresholdxp?@\0\0\0\0\0w\0\0\0\0\0\0t\0\rJOB_PARAM_KEYsr\0\'me.flyray.rbac.entity.ScheduleJobEntity\0\0\0\0\0\0\0\0L\0beanNamet\0Ljava/lang/String;L\0\ncreateTimet\0Ljava/util/Date;L\0cronExpressionq\0~\0	L\0jobIdt\0Ljava/lang/Long;L\0\nmethodNameq\0~\0	L\0paramsq\0~\0	L\0remarkq\0~\0	L\0statust\0Ljava/lang/Integer;xpt\0testTasksr\0java.util.Datehj?KYt\0\0xpw\0\0X???0xt\00 0/30 * * * ?sr\0java.lang.Long;???#?\0J\0valuexr\0java.lang.Number?????\0\0xp\0\0\0\0\0\0\0t\0testt\0renrent\0æœ‰å‚æ•°æµ‹è¯•sr\0java.lang.Integerâ ¤???8\0I\0valuexq\0~\0\0\0\0\0x\0'),('RenrenScheduler','TASK_2','DEFAULT','TASK_2','DEFAULT',NULL,1490855400000,-1,5,'PAUSED','CRON',1490854085000,0,NULL,2,'??0sr\0org.quartz.JobDataMap???è¿©??\0\0xr\0&org.quartz.utils.StringKeyDirtyFlagMap????(\0Z\0allowsTransientDataxr\0org.quartz.utils.DirtyFlagMap??(v\n?\0Z\0dirtyL\0mapt\0Ljava/util/Map;xpsr\0java.util.HashMap??`?\0F\0\nloadFactorI\0	thresholdxp?@\0\0\0\0\0w\0\0\0\0\0\0t\0\rJOB_PARAM_KEYsr\0\'me.flyray.rbac.entity.ScheduleJobEntity\0\0\0\0\0\0\0\0L\0beanNamet\0Ljava/lang/String;L\0\ncreateTimet\0Ljava/util/Date;L\0cronExpressionq\0~\0	L\0jobIdt\0Ljava/lang/Long;L\0\nmethodNameq\0~\0	L\0paramsq\0~\0	L\0remarkq\0~\0	L\0statust\0Ljava/lang/Integer;xpt\0testTasksr\0java.util.Datehj?KYt\0\0xpw\0\0X??xt\00 0/30 * * * ?sr\0java.lang.Long;???#?\0J\0valuexr\0java.lang.Number?????\0\0xp\0\0\0\0\0\0\0t\0test2pt\0æ— å‚æ•°æµ‹è¯•sr\0java.lang.Integerâ ¤???8\0I\0valuexq\0~\0\0\0\0x\0');

/*Table structure for table `schedule_job` */

DROP TABLE IF EXISTS `schedule_job`;

CREATE TABLE `schedule_job` (
  `job_id` bigint(20) NOT NULL AUTO_INCREMENT COMMENT 'ä»»åŠ¡id',
  `bean_name` varchar(200) DEFAULT NULL COMMENT 'spring beanåç§°',
  `method_name` varchar(100) DEFAULT NULL COMMENT 'æ–¹æ³•å',
  `params` varchar(2000) DEFAULT NULL COMMENT 'å‚æ•°',
  `cron_expression` varchar(100) DEFAULT NULL COMMENT 'cronè¡¨è¾¾å¼',
  `status` tinyint(4) DEFAULT NULL COMMENT 'ä»»åŠ¡çŠ¶æ€',
  `remark` varchar(255) DEFAULT NULL COMMENT 'å¤‡æ³¨',
  `create_time` datetime DEFAULT NULL COMMENT 'åˆ›å»ºæ—¶é—´',
  PRIMARY KEY (`job_id`)
) ENGINE=InnoDB AUTO_INCREMENT=3 DEFAULT CHARSET=utf8 COMMENT='å®šæ—¶ä»»åŠ¡';

/*Data for the table `schedule_job` */

insert  into `schedule_job`(`job_id`,`bean_name`,`method_name`,`params`,`cron_expression`,`status`,`remark`,`create_time`) values (1,'testTask','test','renren','0 0/30 * * * ?',0,'æœ‰å‚æ•°æµ‹è¯•','2016-12-01 23:16:46'),(2,'testTask','test2',NULL,'0 0/30 * * * ?',1,'æ— å‚æ•°æµ‹è¯•','2016-12-03 14:55:56');

/*Table structure for table `schedule_job_log` */

DROP TABLE IF EXISTS `schedule_job_log`;

CREATE TABLE `schedule_job_log` (
  `log_id` bigint(20) NOT NULL AUTO_INCREMENT COMMENT 'ä»»åŠ¡æ—¥å¿—id',
  `job_id` bigint(20) NOT NULL COMMENT 'ä»»åŠ¡id',
  `bean_name` varchar(200) DEFAULT NULL COMMENT 'spring beanåç§°',
  `method_name` varchar(100) DEFAULT NULL COMMENT 'æ–¹æ³•å',
  `params` varchar(2000) DEFAULT NULL COMMENT 'å‚æ•°',
  `status` tinyint(4) NOT NULL COMMENT 'ä»»åŠ¡çŠ¶æ€    0ï¼šæˆåŠŸ    1ï¼šå¤±è´¥',
  `error` varchar(2000) DEFAULT NULL COMMENT 'å¤±è´¥ä¿¡æ¯',
  `times` int(11) NOT NULL COMMENT 'è€—æ—¶(å•ä½ï¼šæ¯«ç§’)',
  `create_time` datetime DEFAULT NULL COMMENT 'åˆ›å»ºæ—¶é—´',
  PRIMARY KEY (`log_id`),
  KEY `job_id` (`job_id`)
) ENGINE=InnoDB AUTO_INCREMENT=40 DEFAULT CHARSET=utf8 COMMENT='å®šæ—¶ä»»åŠ¡æ—¥å¿—';

/*Data for the table `schedule_job_log` */

insert  into `schedule_job_log`(`log_id`,`job_id`,`bean_name`,`method_name`,`params`,`status`,`error`,`times`,`create_time`) values (1,1,'testTask','test','renren',1,'org.springframework.beans.factory.NoSuchBeanDefinitionException: No bean named \'testTask\' available',175,'2017-04-02 22:30:01'),(2,1,'testTask','test','renren',1,'org.springframework.beans.factory.NoSuchBeanDefinitionException: No bean named \'testTask\' available',9,'2017-04-02 23:00:00'),(3,1,'testTask','test','renren',1,'org.springframework.beans.factory.NoSuchBeanDefinitionException: No bean named \'testTask\' available',143,'2017-04-04 13:00:01'),(4,1,'testTask','test','renren',1,'org.springframework.beans.factory.NoSuchBeanDefinitionException: No bean named \'testTask\' available',3,'2017-04-04 13:30:00'),(5,1,'testTask','test','renren',1,'org.springframework.beans.factory.NoSuchBeanDefinitionException: No bean named \'testTask\' available',39,'2017-04-04 19:00:00'),(6,1,'testTask','test','renren',1,'org.springframework.beans.factory.NoSuchBeanDefinitionException: No bean named \'testTask\' available',3,'2017-04-04 20:30:00'),(7,1,'testTask','test','renren',1,'org.springframework.beans.factory.NoSuchBeanDefinitionException: No bean named \'testTask\' available',35,'2017-04-05 21:30:00'),(8,1,'testTask','test','renren',1,'org.springframework.beans.factory.NoSuchBeanDefinitionException: No bean named \'testTask\' available',11,'2017-04-05 22:00:00'),(9,1,'testTask','test','renren',1,'org.springframework.beans.factory.NoSuchBeanDefinitionException: No bean named \'testTask\' available',6,'2017-04-05 22:30:00'),(10,1,'testTask','test','renren',1,'org.springframework.beans.factory.NoSuchBeanDefinitionException: No bean named \'testTask\' available',35,'2017-04-05 23:00:00'),(11,1,'testTask','test','renren',1,'org.springframework.beans.factory.NoSuchBeanDefinitionException: No bean named \'testTask\' available',4,'2017-04-05 23:30:00'),(12,1,'testTask','test','renren',1,'org.springframework.beans.factory.NoSuchBeanDefinitionException: No bean named \'testTask\' available',68,'2017-04-07 23:00:01'),(13,1,'testTask','test','renren',1,'org.springframework.beans.factory.NoSuchBeanDefinitionException: No bean named \'testTask\' available',45,'2017-04-07 23:30:00'),(14,1,'testTask','test','renren',1,'org.springframework.beans.factory.NoSuchBeanDefinitionException: No bean named \'testTask\' available',119,'2017-04-08 00:00:00'),(15,1,'testTask','test','renren',1,'org.springframework.beans.factory.NoSuchBeanDefinitionException: No bean named \'testTask\' available',7,'2017-04-08 00:30:00'),(16,1,'testTask','test','renren',1,'org.springframework.beans.factory.NoSuchBeanDefinitionException: No bean named \'testTask\' available',121,'2017-04-09 10:30:01'),(17,1,'testTask','test','renren',1,'org.springframework.beans.factory.NoSuchBeanDefinitionException: No bean named \'testTask\' available',82,'2017-04-09 17:30:01'),(18,1,'testTask','test','renren',1,'org.springframework.beans.factory.NoSuchBeanDefinitionException: No bean named \'testTask\' available',4,'2017-04-10 21:30:00'),(19,1,'testTask','test','renren',1,'org.springframework.beans.factory.NoSuchBeanDefinitionException: No bean named \'testTask\' available',6,'2017-04-10 22:00:00'),(20,1,'testTask','test','renren',1,'org.springframework.beans.factory.NoSuchBeanDefinitionException: No bean named \'testTask\' available',41,'2017-04-10 22:30:01'),(21,1,'testTask','test','renren',1,'org.springframework.beans.factory.NoSuchBeanDefinitionException: No bean named \'testTask\' available',12,'2017-04-11 23:00:00'),(22,1,'testTask','test','renren',1,'org.springframework.beans.factory.NoSuchBeanDefinitionException: No bean named \'testTask\' available',20,'2017-04-13 21:00:00'),(23,1,'testTask','test','renren',1,'org.springframework.beans.factory.NoSuchBeanDefinitionException: No bean named \'testTask\' available',172,'2017-04-13 21:30:00'),(24,1,'testTask','test','renren',1,'org.springframework.beans.factory.NoSuchBeanDefinitionException: No bean named \'testTask\' available',17,'2017-04-16 11:00:01'),(25,1,'testTask','test','renren',1,'org.springframework.beans.factory.NoSuchBeanDefinitionException: No bean named \'testTask\' available',367,'2017-04-16 16:00:03'),(26,1,'testTask','test','renren',1,'org.springframework.beans.factory.NoSuchBeanDefinitionException: No bean named \'testTask\' available',14,'2017-04-16 16:30:01'),(27,1,'testTask','test','renren',1,'org.springframework.beans.factory.NoSuchBeanDefinitionException: No bean named \'testTask\' available',93,'2017-04-16 17:30:01'),(28,1,'testTask','test','renren',1,'org.springframework.beans.factory.NoSuchBeanDefinitionException: No bean named \'testTask\' available',261,'2017-04-16 18:00:03'),(29,1,'testTask','test','renren',1,'org.springframework.beans.factory.NoSuchBeanDefinitionException: No bean named \'testTask\' available',900,'2017-04-16 19:00:03'),(30,1,'testTask','test','renren',1,'org.springframework.beans.factory.NoSuchBeanDefinitionException: No bean named \'testTask\' available',455,'2017-04-16 22:30:02'),(31,1,'testTask','test','renren',1,'org.springframework.beans.factory.NoSuchBeanDefinitionException: No bean named \'testTask\' available',260,'2017-04-21 09:30:02'),(32,1,'testTask','test','renren',1,'org.springframework.beans.factory.NoSuchBeanDefinitionException: No bean named \'testTask\' available',87,'2017-04-21 10:30:04'),(33,1,'testTask','test','renren',1,'org.springframework.beans.factory.NoSuchBeanDefinitionException: No bean named \'testTask\' available',548,'2017-04-21 11:30:02'),(34,1,'testTask','test','renren',1,'org.springframework.beans.factory.NoSuchBeanDefinitionException: No bean named \'testTask\' available',545,'2017-04-21 12:00:01'),(35,1,'testTask','test','renren',1,'org.springframework.beans.factory.NoSuchBeanDefinitionException: No bean named \'testTask\' available',624,'2017-04-21 14:30:03'),(36,1,'testTask','test','renren',1,'org.springframework.beans.factory.NoSuchBeanDefinitionException: No bean named \'testTask\' available',26,'2017-04-21 16:30:01'),(37,1,'testTask','test','renren',1,'org.springframework.beans.factory.NoSuchBeanDefinitionException: No bean named \'testTask\' available',6,'2017-04-21 17:00:01'),(38,1,'testTask','test','renren',1,'org.springframework.beans.factory.NoSuchBeanDefinitionException: No bean named \'testTask\' available',341,'2017-04-21 17:30:02'),(39,1,'testTask','test','renren',1,'org.springframework.beans.factory.NoSuchBeanDefinitionException: No bean named \'testTask\' available',27,'2017-04-24 23:00:02');

/*Table structure for table `sys_config` */

DROP TABLE IF EXISTS `sys_config`;

CREATE TABLE `sys_config` (
  `id` bigint(20) NOT NULL AUTO_INCREMENT,
  `key` varchar(50) DEFAULT NULL COMMENT 'key',
  `value` varchar(2000) DEFAULT NULL COMMENT 'value',
  `status` tinyint(4) DEFAULT '1' COMMENT 'çŠ¶æ€   0ï¼šéšè—   1ï¼šæ˜¾ç¤º',
  `remark` varchar(500) DEFAULT NULL COMMENT 'å¤‡æ³¨',
  PRIMARY KEY (`id`),
  UNIQUE KEY `key` (`key`)
) ENGINE=InnoDB AUTO_INCREMENT=2 DEFAULT CHARSET=utf8 COMMENT='ç³»ç»Ÿé…ç½®ä¿¡æ¯è¡¨';

/*Data for the table `sys_config` */

insert  into `sys_config`(`id`,`key`,`value`,`status`,`remark`) values (1,'CLOUD_STORAGE_CONFIG_KEY','{\"aliyunAccessKeyId\":\"\",\"aliyunAccessKeySecret\":\"\",\"aliyunBucketName\":\"\",\"aliyunDomain\":\"\",\"aliyunEndPoint\":\"\",\"aliyunPrefix\":\"\",\"qcloudBucketName\":\"\",\"qcloudDomain\":\"\",\"qcloudPrefix\":\"\",\"qcloudSecretId\":\"\",\"qcloudSecretKey\":\"\",\"qiniuAccessKey\":\"NrgMfABZxWLo5B-YYSjoE8-AZ1EISdi1Z3ubLOeZ\",\"qiniuBucketName\":\"ios-app\",\"qiniuDomain\":\"http://7xqbwh.dl1.z0.glb.clouddn.com\",\"qiniuPrefix\":\"upload\",\"qiniuSecretKey\":\"uIwJHevMRWU0VLxFvgy0tAcOdGqasdtVlJkdy6vV\",\"type\":1}',0,'äº‘å­˜å‚¨é…ç½®ä¿¡æ¯');

/*Table structure for table `sys_log` */

DROP TABLE IF EXISTS `sys_log`;

CREATE TABLE `sys_log` (
  `id` bigint(20) NOT NULL AUTO_INCREMENT,
  `username` varchar(50) DEFAULT NULL COMMENT 'ç”¨æˆ·å',
  `operation` varchar(50) DEFAULT NULL COMMENT 'ç”¨æˆ·æ“ä½œ',
  `method` varchar(200) DEFAULT NULL COMMENT 'è¯·æ±‚æ–¹æ³•',
  `params` varchar(5000) DEFAULT NULL COMMENT 'è¯·æ±‚å‚æ•°',
  `ip` varchar(64) DEFAULT NULL COMMENT 'IPåœ°å€',
  `create_date` datetime DEFAULT NULL COMMENT 'åˆ›å»ºæ—¶é—´',
  PRIMARY KEY (`id`)
) ENGINE=InnoDB AUTO_INCREMENT=84 DEFAULT CHARSET=utf8 COMMENT='ç³»ç»Ÿæ—¥å¿—';

/*Data for the table `sys_log` */

insert  into `sys_log`(`id`,`username`,`operation`,`method`,`params`,`ip`,`create_date`) values (1,'admin','ä¿å­˜èœå•','me.flyray.rbac.controller.SysMenuController.save()','{\"icon\":\"fa fa-tasks\",\"name\":\"ç»„ç»‡æœºæ„ç®¡ç†\",\"orderNum\":0,\"parentId\":1,\"parentName\":\"ç³»ç»Ÿç®¡ç†\",\"type\":1,\"url\":\"sys/org.html\"}','0:0:0:0:0:0:0:1','2017-04-04 18:57:06'),(2,'admin','ä¿å­˜èœå•','me.flyray.rbac.controller.SysMenuController.save()','{\"name\":\"æŸ¥çœ‹\",\"orderNum\":0,\"parentId\":31,\"parentName\":\"ç»„ç»‡æœºæ„ç®¡ç†\",\"perms\":\"sys:org:list,sys:org:info\",\"type\":2}','0:0:0:0:0:0:0:1','2017-04-04 20:40:19'),(3,'admin','ä¿å­˜èœå•','me.flyray.rbac.controller.SysMenuController.save()','{\"name\":\"æ–°å¢\",\"orderNum\":0,\"parentId\":31,\"parentName\":\"ç»„ç»‡æœºæ„ç®¡ç†\",\"perms\":\"sys:org:save,sys:org:select\",\"type\":2}','0:0:0:0:0:0:0:1','2017-04-04 20:41:37'),(4,'admin','ä¿å­˜èœå•','me.flyray.rbac.controller.SysMenuController.save()','{\"name\":\"ä¿®æ”¹\",\"orderNum\":0,\"parentId\":31,\"parentName\":\"ç»„ç»‡æœºæ„ç®¡ç†\",\"perms\":\"sys:org:update,sys:org:select\",\"type\":2}','0:0:0:0:0:0:0:1','2017-04-04 20:42:34'),(5,'admin','ä¿å­˜èœå•','me.flyray.rbac.controller.SysMenuController.save()','{\"name\":\" åˆ é™¤\",\"orderNum\":0,\"parentId\":31,\"parentName\":\"ç»„ç»‡æœºæ„ç®¡ç†\",\"perms\":\"sys:org:delete\",\"type\":2}','0:0:0:0:0:0:0:1','2017-04-04 20:43:18'),(6,'admin','ä¿å­˜ç»„ç»‡æœºæ„','me.flyray.rbac.controller.SysOrgController.save()','{\"orgLevel\":\"12112\",\"orgName\":\"12212\",\"orgNo\":\"é£é›·ç§‘æŠ€\",\"parentId\":0}','0:0:0:0:0:0:0:1','2017-04-05 21:25:38'),(7,'admin','ä¿å­˜ç»„ç»‡æœºæ„','me.flyray.rbac.controller.SysOrgController.save()','{\"orgLevel\":\"12112\",\"orgName\":\"12212\",\"orgNo\":\"é£é›·ç§‘æŠ€\",\"parentId\":0}','0:0:0:0:0:0:0:1','2017-04-05 21:26:10'),(8,'admin','ä¿å­˜ç»„ç»‡æœºæ„','me.flyray.rbac.controller.SysOrgController.save()','{\"orgLevel\":\"24\",\"orgName\":\"33\",\"orgNo\":\"33\",\"parentId\":0}','0:0:0:0:0:0:0:1','2017-04-05 21:56:36'),(9,'admin','ä¿å­˜ç»„ç»‡æœºæ„','me.flyray.rbac.controller.SysOrgController.save()','{\"orgLevel\":\"232\",\"orgName\":\"222\",\"orgNo\":\"é£é›·ç§‘æŠ€\",\"parentId\":0}','0:0:0:0:0:0:0:1','2017-04-05 22:32:10'),(10,'admin','ä¿®æ”¹ç»„ç»‡æœºæ„ä¿¡æ¯','me.flyray.rbac.controller.SysOrgController.update()','{\"createTime\":1491402729000,\"lastUpdateTime\":1491402729000,\"orgId\":2,\"orgLevel\":\"232\",\"orgName\":\"222323\",\"orgNo\":\"é£é›·ç§‘æŠ€\"}','0:0:0:0:0:0:0:1','2017-04-05 22:32:21'),(11,'admin','ä¿®æ”¹ç»„ç»‡æœºæ„ä¿¡æ¯','me.flyray.rbac.controller.SysOrgController.update()','{\"createTime\":1491402729000,\"lastUpdateTime\":1491402729000,\"orgId\":2,\"orgLevel\":\"232\",\"orgName\":\"222444\",\"orgNo\":\"é£é›·ç§‘æŠ€\"}','0:0:0:0:0:0:0:1','2017-04-05 22:33:48'),(12,'admin','ä¿®æ”¹ç»„ç»‡æœºæ„ä¿¡æ¯','me.flyray.rbac.controller.SysOrgController.update()','{\"createTime\":1491402729000,\"lastUpdateTime\":1491402729000,\"orgId\":2,\"orgLevel\":\"232\",\"orgName\":\"222333\",\"orgNo\":\"é£é›·ç§‘æŠ€\"}','0:0:0:0:0:0:0:1','2017-04-05 22:38:20'),(13,'admin','ä¿®æ”¹ç»„ç»‡æœºæ„ä¿¡æ¯','me.flyray.rbac.controller.SysOrgController.update()','{\"createTime\":1491402729000,\"lastUpdateTime\":1491402729000,\"orgId\":2,\"orgLevel\":\"232\",\"orgName\":\"222444\",\"orgNo\":\"é£é›·ç§‘æŠ€\"}','0:0:0:0:0:0:0:1','2017-04-05 22:42:37'),(14,'admin','åˆ é™¤ç»„ç»‡æœºæ„','me.flyray.rbac.controller.SysOrgController.delete()','[2]','0:0:0:0:0:0:0:1','2017-04-05 22:42:48'),(15,'admin','ä¿®æ”¹ç»„ç»‡æœºæ„ä¿¡æ¯','me.flyray.rbac.controller.SysOrgController.update()','{\"createTime\":1491402729000,\"lastUpdateTime\":1491402729000,\"orgId\":2,\"orgLevel\":\"232\",\"orgName\":\"222444\",\"orgNo\":\"é£é›·ç§‘æŠ€\"}','0:0:0:0:0:0:0:1','2017-04-05 22:42:55'),(16,'admin','ä¿å­˜ç»„ç»‡æœºæ„','me.flyray.rbac.controller.SysOrgController.save()','{\"orgLevel\":\"23\",\"orgName\":\"232\",\"orgNo\":\"2232\",\"parentId\":0}','0:0:0:0:0:0:0:1','2017-04-05 22:43:11'),(17,'admin','ä¿å­˜èœå•','me.flyray.rbac.controller.SysMenuController.save()','{\"orderNum\":0,\"parentId\":0,\"parentName\":\"ä¸€çº§èœå•\",\"type\":1,\"url\":\"pay/pay_channel.html\"}','0:0:0:0:0:0:0:1','2017-04-10 21:14:18'),(18,'admin','ä¿å­˜èœå•','me.flyray.rbac.controller.SysMenuController.save()','{\"name\":\"æ”¯ä»˜é€šé“\",\"orderNum\":0,\"parentId\":0,\"parentName\":\"ä¸€çº§èœå•\",\"type\":1,\"url\":\"pay/pay_channel.html\"}','0:0:0:0:0:0:0:1','2017-04-10 21:14:30'),(19,'admin','ä¿å­˜èœå•','me.flyray.rbac.controller.SysMenuController.save()','{\"name\":\"æ–°å¢\",\"orderNum\":0,\"parentId\":0,\"parentName\":\"ä¸€çº§èœå•\",\"perms\":\"pay:payChannel:save\",\"type\":2}','0:0:0:0:0:0:0:1','2017-04-10 21:19:14'),(20,'admin','ä¿å­˜èœå•','me.flyray.rbac.controller.SysMenuController.save()','{\"name\":\"æ–°å¢\",\"orderNum\":0,\"parentId\":36,\"parentName\":\"æ”¯ä»˜é€šé“\",\"perms\":\"pay:payChannel:save\",\"type\":2}','0:0:0:0:0:0:0:1','2017-04-10 21:19:23'),(21,'admin','ä¿å­˜èœå•','me.flyray.rbac.controller.SysMenuController.save()','{\"name\":\"æ”¯ä»˜é€šé“ç®¡ç†\",\"orderNum\":0,\"parentId\":0,\"parentName\":\"ä¸€çº§èœå•\",\"type\":0}','0:0:0:0:0:0:0:1','2017-04-10 21:20:46'),(22,'admin','ä¿®æ”¹èœå•','me.flyray.rbac.controller.SysMenuController.update()','{\"menuId\":36,\"name\":\"æ”¯ä»˜é€šé“\",\"orderNum\":0,\"parentId\":38,\"parentName\":\"æ”¯ä»˜é€šé“ç®¡ç†\",\"type\":1,\"url\":\"pay/pay_channel.html\"}','0:0:0:0:0:0:0:1','2017-04-10 21:21:44'),(23,'admin','ä¿å­˜èœå•','me.flyray.rbac.controller.SysMenuController.save()','{\"name\":\"åˆ é™¤\",\"orderNum\":0,\"parentId\":38,\"parentName\":\"æ”¯ä»˜é€šé“ç®¡ç†\",\"perms\":\"pay:payChannel:delete\",\"type\":2}','0:0:0:0:0:0:0:1','2017-04-10 21:23:16'),(24,'admin','ä¿å­˜èœå•','me.flyray.rbac.controller.SysMenuController.save()','{\"name\":\"åˆ é™¤\",\"orderNum\":0,\"parentId\":36,\"parentName\":\"æ”¯ä»˜é€šé“\",\"perms\":\"pay:payChannel:delete\",\"type\":2}','0:0:0:0:0:0:0:1','2017-04-10 21:23:24'),(25,'admin','ä¿å­˜èœå•','me.flyray.rbac.controller.SysMenuController.save()','{\"name\":\"ä¿®æ”¹\",\"orderNum\":0,\"parentId\":36,\"parentName\":\"æ”¯ä»˜é€šé“\",\"perms\":\"pay:payChannel:update\",\"type\":2}','0:0:0:0:0:0:0:1','2017-04-10 21:24:27'),(26,'admin','ä¿å­˜èœå•','me.flyray.rbac.controller.SysMenuController.save()','{\"name\":\"æŸ¥çœ‹\",\"orderNum\":0,\"parentId\":36,\"parentName\":\"æ”¯ä»˜é€šé“\",\"perms\":\"pay:payChannel:list,pay:payChannel:info\",\"type\":2}','0:0:0:0:0:0:0:1','2017-04-10 21:36:06'),(27,'admin','ä¿å­˜èœå•','me.flyray.rbac.controller.SysMenuController.save()','{\"icon\":\"fa fa-address-card-o\",\"name\":\"ä¼šå‘˜ç®¡ç†\",\"orderNum\":0,\"parentId\":0,\"parentName\":\"ä¸€çº§èœå•\",\"type\":0}','0:0:0:0:0:0:0:1','2017-04-13 20:57:23'),(28,'admin','ä¿å­˜èœå•','me.flyray.rbac.controller.SysMenuController.save()','{\"icon\":\"fa fa-calculator\",\"name\":\"å•†æˆ·ç®¡ç†\",\"orderNum\":0,\"parentId\":0,\"parentName\":\"ä¸€çº§èœå•\",\"type\":0}','0:0:0:0:0:0:0:1','2017-04-13 20:58:43'),(29,'admin','ä¿å­˜èœå•','me.flyray.rbac.controller.SysMenuController.save()','{\"name\":\"ä¼šå‘˜ä¿¡æ¯\",\"orderNum\":0,\"parentId\":42,\"parentName\":\"ä¼šå‘˜ç®¡ç†\",\"type\":1,\"url\":\"/crm/customer.html\"}','0:0:0:0:0:0:0:1','2017-04-13 21:49:32'),(30,'admin','ä¿å­˜èœå•','me.flyray.rbac.controller.SysMenuController.save()','{\"name\":\"ä¼šå‘˜ä¿¡æ¯\",\"orderNum\":0,\"parentId\":42,\"parentName\":\"ä¼šå‘˜ç®¡ç†\",\"type\":1,\"url\":\"/crm/customer.html\"}','0:0:0:0:0:0:0:1','2017-04-13 21:49:33'),(31,'admin','ä¿å­˜èœå•','me.flyray.rbac.controller.SysMenuController.save()','{\"name\":\"å•†æˆ·ä¿¡æ¯\",\"orderNum\":0,\"parentId\":43,\"parentName\":\"å•†æˆ·ç®¡ç†\",\"type\":1,\"url\":\"/crm/merchant.html\"}','0:0:0:0:0:0:0:1','2017-04-13 21:50:24'),(32,'admin','åˆ é™¤èœå•','me.flyray.rbac.controller.SysMenuController.delete()','[45]','0:0:0:0:0:0:0:1','2017-04-13 21:51:04'),(33,'admin','ä¿®æ”¹èœå•','me.flyray.rbac.controller.SysMenuController.update()','{\"menuId\":44,\"name\":\"ä¼šå‘˜ä¿¡æ¯\",\"orderNum\":0,\"parentId\":42,\"parentName\":\"ä¼šå‘˜ç®¡ç†\",\"type\":1,\"url\":\"crm/customer.html\"}','0:0:0:0:0:0:0:1','2017-04-16 10:56:01'),(34,'admin','ä¿®æ”¹èœå•','me.flyray.rbac.controller.SysMenuController.update()','{\"menuId\":46,\"name\":\"å•†æˆ·ä¿¡æ¯\",\"orderNum\":0,\"parentId\":43,\"parentName\":\"å•†æˆ·ç®¡ç†\",\"type\":1,\"url\":\"crm/merchant.html\"}','0:0:0:0:0:0:0:1','2017-04-16 10:56:12'),(35,'admin','ä¿å­˜èœå•','me.flyray.rbac.controller.SysMenuController.save()','{\"name\":\"æ–°å¢\",\"orderNum\":0,\"parentId\":42,\"parentName\":\"ä¼šå‘˜ç®¡ç†\",\"perms\":\"crm:customer:save\",\"type\":2}','0:0:0:0:0:0:0:1','2017-04-16 10:57:45'),(36,'admin','ä¿å­˜èœå•','me.flyray.rbac.controller.SysMenuController.save()','{\"name\":\"æ–°å¢\",\"orderNum\":0,\"parentId\":44,\"parentName\":\"ä¼šå‘˜ä¿¡æ¯\",\"perms\":\"crm:customer:save\",\"type\":2}','0:0:0:0:0:0:0:1','2017-04-16 10:57:53'),(37,'admin','ä¿å­˜èœå•','me.flyray.rbac.controller.SysMenuController.save()','{\"name\":\"åˆ é™¤\",\"orderNum\":0,\"parentId\":44,\"parentName\":\"ä¼šå‘˜ä¿¡æ¯\",\"perms\":\"crm:customer:delete\",\"type\":2}','0:0:0:0:0:0:0:1','2017-04-16 10:58:30'),(38,'admin','ä¿å­˜èœå•','me.flyray.rbac.controller.SysMenuController.save()','{\"name\":\"æŸ¥è¯¢\",\"orderNum\":0,\"parentId\":44,\"parentName\":\"ä¼šå‘˜ä¿¡æ¯\",\"perms\":\"crm:customer:list,crm:customer:info\",\"type\":2}','0:0:0:0:0:0:0:1','2017-04-16 10:59:33'),(39,'admin','ä¿å­˜èœå•','me.flyray.rbac.controller.SysMenuController.save()','{\"name\":\"ä¿®æ”¹\",\"orderNum\":0,\"parentId\":44,\"parentName\":\"ä¼šå‘˜ä¿¡æ¯\",\"perms\":\"crm:customer:update\",\"type\":2}','0:0:0:0:0:0:0:1','2017-04-16 11:01:47'),(40,'admin','ä¿å­˜é…ç½®','me.flyray.rbac.controller.pay.PayChannelController.save()','{}','0:0:0:0:0:0:0:1','2017-04-16 14:18:46'),(41,'admin','ä¿å­˜é…ç½®','me.flyray.rbac.controller.pay.PayChannelController.save()','{}','0:0:0:0:0:0:0:1','2017-04-16 14:20:36'),(42,'admin','ä¿å­˜é…ç½®','me.flyray.rbac.controller.pay.PayChannelController.save()','{}','0:0:0:0:0:0:0:1','2017-04-16 14:51:04'),(43,'admin','ä¿å­˜é…ç½®','me.flyray.rbac.controller.pay.PayChannelController.save()','{}','0:0:0:0:0:0:0:1','2017-04-16 14:56:26'),(44,'admin','ä¿å­˜é…ç½®','me.flyray.rbac.controller.pay.PayChannelController.save()','{\"payChannelNo\":\"test\",\"payCompanyNo\":\"test\",\"feeRatio\":\"1\"}','0:0:0:0:0:0:0:1','2017-04-16 15:50:20'),(45,'admin','ä¿å­˜é…ç½®','me.flyray.rbac.controller.pay.PayChannelController.save()','{\"payChannelNo\":\"test2\",\"payCompanyNo\":\"test2\",\"feeRatio\":\"1\"}','0:0:0:0:0:0:0:1','2017-04-16 15:50:47'),(46,'admin','ä¿å­˜é…ç½®','me.flyray.rbac.controller.pay.PayChannelController.save()','{\"payChannelNo\":\"test2\",\"payCompanyNo\":\"test2\",\"feeRatio\":\"1\"}','0:0:0:0:0:0:0:1','2017-04-16 15:51:25'),(47,'admin','åˆ é™¤é…ç½®','me.flyray.rbac.controller.pay.PayChannelController.delete()','[1]','0:0:0:0:0:0:0:1','2017-04-16 15:51:58'),(48,'admin','ä¿å­˜ç»„ç»‡æœºæ„','me.flyray.rbac.controller.SysOrgController.save()','{\"orgLevel\":\"5\",\"orgName\":\"54\",\"orgNo\":\"54\",\"parentId\":0}','0:0:0:0:0:0:0:1','2017-04-16 16:01:33'),(49,'admin','ä¿®æ”¹ç»„ç»‡æœºæ„ä¿¡æ¯','me.flyray.rbac.controller.SysOrgController.update()','{\"createTime\":1491403390000,\"lastUpdateTime\":1491403390000,\"orgId\":3,\"orgLevel\":\"233\",\"orgName\":\"2322333333333\",\"orgNo\":\"223233333333\",\"parentId\":232323}','0:0:0:0:0:0:0:1','2017-04-16 16:01:59'),(50,'admin','ä¿®æ”¹ç»„ç»‡æœºæ„ä¿¡æ¯','me.flyray.rbac.controller.SysOrgController.update()','{\"createTime\":1491403390000,\"lastUpdateTime\":1491403390000,\"orgId\":3,\"orgLevel\":\"233\",\"orgName\":\"23\",\"orgNo\":\"2\"}','0:0:0:0:0:0:0:1','2017-04-16 16:02:26'),(51,'admin','ä¿å­˜é…ç½®','me.flyray.rbac.controller.pay.PayChannelController.save()','{\"payChannelNo\":\"ee\",\"payCompanyNo\":\"eee\",\"feeRatio\":\"ee\"}','0:0:0:0:0:0:0:1','2017-04-16 16:12:33'),(52,'admin','ä¿®æ”¹é…ç½®','me.flyray.rbac.controller.pay.PayChannelController.update()','{\"payChannelNo\":\"444\",\"payCompanyNo\":\"444\",\"id\":2,\"feeRatio\":\"44\"}','0:0:0:0:0:0:0:1','2017-04-16 17:21:44'),(53,'admin','ä¿®æ”¹é…ç½®','me.flyray.rbac.controller.pay.PayChannelController.update()','{\"payChannelNo\":\"test3\",\"payCompanyNo\":\"test3\",\"id\":5,\"feeRatio\":\"1.00\"}','0:0:0:0:0:0:0:1','2017-04-16 17:25:10'),(54,'admin','ä¿®æ”¹é…ç½®','me.flyray.rbac.controller.pay.PayChannelController.update()','{\"payChannelNo\":\"test3\",\"payCompanyNo\":\"test3\",\"id\":5,\"feeRatio\":1}','0:0:0:0:0:0:0:1','2017-04-16 17:41:41'),(55,'admin','ä¿®æ”¹é…ç½®','me.flyray.rbac.controller.pay.PayChannelController.update()','{\"payChannelNo\":\"test4\",\"payCompanyNo\":\"test4\",\"id\":5,\"feeRatio\":\"1.00\"}','0:0:0:0:0:0:0:1','2017-04-16 18:48:00'),(56,'admin','ä¿®æ”¹é…ç½®','me.flyray.rbac.controller.pay.PayChannelController.update()','{\"payChannelNo\":\"test3\",\"payCompanyNo\":\"test3\",\"id\":5,\"feeRatio\":\"1.00\"}','0:0:0:0:0:0:0:1','2017-04-16 18:58:29'),(57,'admin','ä¿®æ”¹é…ç½®','me.flyray.rbac.controller.pay.PayChannelController.update()','{\"payChannelNo\":\"test3\",\"payCompanyNo\":\"test3\",\"id\":5,\"feeRatio\":\"1.00\"}','0:0:0:0:0:0:0:1','2017-04-16 19:14:33'),(58,'admin','ä¿®æ”¹é…ç½®','me.flyray.rbac.controller.pay.PayChannelController.update()','{\"payChannelNo\":\"test1\",\"payCompanyNo\":\"test1\",\"id\":2,\"feeRatio\":\"9\"}','0:0:0:0:0:0:0:1','2017-04-16 19:15:10'),(59,'admin','ä¿®æ”¹é…ç½®','me.flyray.rbac.controller.pay.PayChannelController.update()','{\"payChannelNo\":\"test0\",\"payCompanyNo\":\"test0\",\"id\":1,\"feeRatio\":\"0\"}','0:0:0:0:0:0:0:1','2017-04-16 19:15:31'),(60,'admin','ä¿å­˜å®¢æˆ·ä¼šå‘˜','me.flyray.rbac.controller.crm.CustomerController.save()','{}','0:0:0:0:0:0:0:1','2017-04-21 09:37:55'),(61,'admin','ä¿å­˜å®¢æˆ·ä¼šå‘˜','me.flyray.rbac.controller.crm.CustomerController.save()','{}','0:0:0:0:0:0:0:1','2017-04-21 09:47:11'),(62,'admin','ä¿å­˜å®¢æˆ·ä¼šå‘˜','me.flyray.rbac.controller.crm.CustomerController.save()','{}','0:0:0:0:0:0:0:1','2017-04-21 10:15:01'),(63,'admin','ä¿å­˜å®¢æˆ·ä¼šå‘˜','me.flyray.rbac.controller.crm.CustomerController.save()','{}','0:0:0:0:0:0:0:1','2017-04-21 11:29:37'),(64,'admin','ä¿å­˜å®¢æˆ·ä¼šå‘˜','me.flyray.rbac.controller.crm.CustomerController.save()','{}','0:0:0:0:0:0:0:1','2017-04-21 12:10:24'),(65,'admin','ä¿å­˜å®¢æˆ·ä¼šå‘˜','me.flyray.rbac.controller.crm.CustomerController.save()','{}','0:0:0:0:0:0:0:1','2017-04-21 12:15:28'),(66,'admin','ä¿å­˜å®¢æˆ·ä¼šå‘˜','me.flyray.rbac.controller.crm.CustomerController.save()','{}','0:0:0:0:0:0:0:1','2017-04-21 12:19:07'),(67,'admin','ä¿å­˜å®¢æˆ·ä¼šå‘˜','me.flyray.rbac.controller.crm.CustomerController.save()','{}','0:0:0:0:0:0:0:1','2017-04-21 12:20:22'),(68,'admin','ä¿å­˜å®¢æˆ·ä¼šå‘˜','me.flyray.rbac.controller.crm.CustomerController.save()','{}','0:0:0:0:0:0:0:1','2017-04-21 12:21:30'),(69,'admin','ä¿å­˜å®¢æˆ·ä¼šå‘˜','me.flyray.rbac.controller.crm.CustomerController.save()','{}','0:0:0:0:0:0:0:1','2017-04-21 12:44:08'),(70,'admin','ä¿å­˜é…ç½®','me.flyray.rbac.controller.pay.PayChannelController.save()','{\"payChannelNo\":\"testtttt\",\"payCompanyNo\":\"t4ettttt\",\"feeRatio\":\"1\"}','0:0:0:0:0:0:0:1','2017-04-21 14:30:55'),(71,'admin','ä¿å­˜å®¢æˆ·ä¼šå‘˜','me.flyray.rbac.controller.crm.CustomerController.save()','{}','0:0:0:0:0:0:0:1','2017-04-21 16:30:12'),(72,'admin','ä¿å­˜å®¢æˆ·ä¼šå‘˜','me.flyray.rbac.controller.crm.CustomerController.save()','{}','0:0:0:0:0:0:0:1','2017-04-21 16:57:51'),(73,'admin','ä¿å­˜å®¢æˆ·ä¼šå‘˜','me.flyray.rbac.controller.crm.CustomerController.save()','{}','0:0:0:0:0:0:0:1','2017-04-21 17:25:45'),(74,'admin','ä¿å­˜èœå•','me.flyray.rbac.controller.SysMenuController.save()','{\"name\":\"å•†å“ç®¡ç†\",\"orderNum\":0,\"parentId\":0,\"parentName\":\"ä¸€çº§èœå•\",\"type\":0}','0:0:0:0:0:0:0:1','2017-04-24 22:33:29'),(75,'admin','ä¿å­˜èœå•','me.flyray.rbac.controller.SysMenuController.save()','{\"icon\":\"fa fa-film\",\"name\":\"å•†å“åˆ†ç±»\",\"orderNum\":0,\"parentId\":51,\"parentName\":\"å•†å“ç®¡ç†\",\"type\":1,\"url\":\"erp/product_categary.html\"}','0:0:0:0:0:0:0:1','2017-04-24 22:36:37'),(76,'admin','ä¿å­˜èœå•','me.flyray.rbac.controller.SysMenuController.save()','{\"name\":\"æ–°å¢\",\"orderNum\":0,\"parentId\":52,\"parentName\":\"å•†å“åˆ†ç±»\",\"perms\":\"erp:productCategary:save\",\"type\":2}','0:0:0:0:0:0:0:1','2017-04-24 22:37:51'),(77,'admin','ä¿å­˜èœå•','me.flyray.rbac.controller.SysMenuController.save()','{\"name\":\"æŸ¥çœ‹\",\"orderNum\":0,\"parentId\":52,\"parentName\":\"å•†å“åˆ†ç±»\",\"perms\":\"erp:productCategary:list,erp:productCategary:info\\t\",\"type\":2}','0:0:0:0:0:0:0:1','2017-04-24 22:38:52'),(78,'admin','ä¿å­˜èœå•','me.flyray.rbac.controller.SysMenuController.save()','{\"name\":\"åˆ é™¤\",\"orderNum\":0,\"parentId\":52,\"parentName\":\"å•†å“åˆ†ç±»\",\"perms\":\"erp:productCategary:delete\",\"type\":2}','0:0:0:0:0:0:0:1','2017-04-24 22:39:48'),(79,'admin','ä¿å­˜èœå•','me.flyray.rbac.controller.SysMenuController.save()','{\"name\":\"æ›´æ–°\",\"orderNum\":0,\"parentId\":52,\"parentName\":\"å•†å“åˆ†ç±»\",\"perms\":\"erp:productCategary:delete\",\"type\":2}','0:0:0:0:0:0:0:1','2017-04-24 22:40:09'),(80,'admin','ä¿å­˜å®¢æˆ·ä¼šå‘˜','me.flyray.rbac.controller.erp.ProductCategaryController.save()','{\"categaryName\":\"33\",\"orgId\":\"33\",\"merchantNo\":\"33\"}','0:0:0:0:0:0:0:1','2017-04-24 22:51:34'),(81,'admin','ä¿å­˜å®¢æˆ·ä¼šå‘˜','me.flyray.rbac.controller.erp.ProductCategaryController.save()','{\"categaryName\":\"eee\",\"orgId\":\"444\",\"merchantNo\":\"eeee\"}','0:0:0:0:0:0:0:1','2017-04-24 23:00:29'),(82,'admin','ä¿å­˜å®¢æˆ·ä¼šå‘˜','me.flyray.rbac.controller.erp.ProductCategaryController.save()','{\"categaryName\":\"erere\",\"orgId\":\"44\",\"merchantNo\":\"344r\"}','0:0:0:0:0:0:0:1','2017-04-24 23:08:33'),(83,'admin','ä¿®æ”¹èœå•','me.flyray.rbac.controller.SysMenuController.update()','{\"menuId\":56,\"name\":\"æ›´æ–°\",\"orderNum\":0,\"parentId\":52,\"parentName\":\"å•†å“åˆ†ç±»\",\"perms\":\"erp:productCategary:update\",\"type\":2}','0:0:0:0:0:0:0:1','2017-04-24 23:10:21');

/*Table structure for table `sys_menu` */

DROP TABLE IF EXISTS `sys_menu`;

CREATE TABLE `sys_menu` (
  `menu_id` bigint(20) NOT NULL AUTO_INCREMENT,
  `parent_id` bigint(20) DEFAULT NULL COMMENT 'çˆ¶èœå•IDï¼Œä¸€çº§èœå•ä¸º0',
  `name` varchar(50) DEFAULT NULL COMMENT 'èœå•åç§°',
  `url` varchar(200) DEFAULT NULL COMMENT 'èœå•URL',
  `perms` varchar(500) DEFAULT NULL COMMENT 'æˆæƒ(å¤šä¸ªç”¨é€—å·åˆ†éš”ï¼Œå¦‚ï¼šuser:list,user:create)',
  `type` int(11) DEFAULT NULL COMMENT 'ç±»å‹   0ï¼šç›®å½•   1ï¼šèœå•   2ï¼šæŒ‰é’®',
  `icon` varchar(50) DEFAULT NULL COMMENT 'èœå•å›¾æ ‡',
  `order_num` int(11) DEFAULT NULL COMMENT 'æ’åº',
  PRIMARY KEY (`menu_id`)
) ENGINE=InnoDB AUTO_INCREMENT=57 DEFAULT CHARSET=utf8 COMMENT='èœå•ç®¡ç†';

/*Data for the table `sys_menu` */

insert  into `sys_menu`(`menu_id`,`parent_id`,`name`,`url`,`perms`,`type`,`icon`,`order_num`) values (1,0,'ç³»ç»Ÿç®¡ç†',NULL,NULL,0,'fa fa-cog',0),(2,1,'ç®¡ç†å‘˜åˆ—è¡¨','sys/user.html',NULL,1,'fa fa-user',1),(3,1,'è§’è‰²ç®¡ç†','sys/role.html',NULL,1,'fa fa-user-secret',2),(4,1,'èœå•ç®¡ç†','sys/menu.html',NULL,1,'fa fa-th-list',3),(5,1,'SQLç›‘æ§','druid/sql.html',NULL,1,'fa fa-bug',4),(6,1,'å®šæ—¶ä»»åŠ¡','sys/schedule.html',NULL,1,'fa fa-tasks',5),(7,6,'æŸ¥çœ‹',NULL,'sys:schedule:list,sys:schedule:info',2,NULL,0),(8,6,'æ–°å¢',NULL,'sys:schedule:save',2,NULL,0),(9,6,'ä¿®æ”¹',NULL,'sys:schedule:update',2,NULL,0),(10,6,'åˆ é™¤',NULL,'sys:schedule:delete',2,NULL,0),(11,6,'æš‚åœ',NULL,'sys:schedule:pause',2,NULL,0),(12,6,'æ¢å¤',NULL,'sys:schedule:resume',2,NULL,0),(13,6,'ç«‹å³æ‰§è¡Œ',NULL,'sys:schedule:run',2,NULL,0),(14,6,'æ—¥å¿—åˆ—è¡¨',NULL,'sys:schedule:log',2,NULL,0),(15,2,'æŸ¥çœ‹',NULL,'sys:user:list,sys:user:info',2,NULL,0),(16,2,'æ–°å¢',NULL,'sys:user:save,sys:role:select',2,NULL,0),(17,2,'ä¿®æ”¹',NULL,'sys:user:update,sys:role:select',2,NULL,0),(18,2,'åˆ é™¤',NULL,'sys:user:delete',2,NULL,0),(19,3,'æŸ¥çœ‹',NULL,'sys:role:list,sys:role:info',2,NULL,0),(20,3,'æ–°å¢',NULL,'sys:role:save,sys:menu:perms',2,NULL,0),(21,3,'ä¿®æ”¹',NULL,'sys:role:update,sys:menu:perms',2,NULL,0),(22,3,'åˆ é™¤',NULL,'sys:role:delete',2,NULL,0),(23,4,'æŸ¥çœ‹',NULL,'sys:menu:list,sys:menu:info',2,NULL,0),(24,4,'æ–°å¢',NULL,'sys:menu:save,sys:menu:select',2,NULL,0),(25,4,'ä¿®æ”¹',NULL,'sys:menu:update,sys:menu:select',2,NULL,0),(26,4,'åˆ é™¤',NULL,'sys:menu:delete',2,NULL,0),(27,1,'å‚æ•°ç®¡ç†','sys/config.html','sys:config:list,sys:config:info,sys:config:save,sys:config:update,sys:config:delete',1,'fa fa-sun-o',6),(28,1,'ä»£ç ç”Ÿæˆå™¨','sys/generator.html','sys:generator:list,sys:generator:code',1,'fa fa-rocket',8),(29,1,'ç³»ç»Ÿæ—¥å¿—','sys/log.html','sys:log:list',1,'fa fa-file-text-o',7),(30,1,'æ–‡ä»¶ä¸Šä¼ ','sys/oss.html','sys:oss:all',1,'fa fa-file-image-o',6),(31,1,'ç»„ç»‡æœºæ„ç®¡ç†','sys/org.html',NULL,1,'fa fa-tasks',0),(32,31,'æŸ¥çœ‹',NULL,'sys:org:list,sys:org:info',2,NULL,0),(33,31,'æ–°å¢',NULL,'sys:org:save,sys:org:select',2,NULL,0),(34,31,'ä¿®æ”¹',NULL,'sys:org:update,sys:org:select',2,NULL,0),(35,31,' åˆ é™¤',NULL,'sys:org:delete',2,NULL,0),(36,38,'æ”¯ä»˜é€šé“','pay/pay_channel.html',NULL,1,NULL,0),(37,36,'æ–°å¢',NULL,'pay:payChannel:save',2,NULL,0),(38,0,'æ”¯ä»˜é€šé“ç®¡ç†',NULL,NULL,0,NULL,0),(39,36,'åˆ é™¤',NULL,'pay:payChannel:delete',2,NULL,0),(40,36,'ä¿®æ”¹',NULL,'pay:payChannel:update',2,NULL,0),(41,36,'æŸ¥çœ‹',NULL,'pay:payChannel:list,pay:payChannel:info',2,NULL,0),(42,0,'ä¼šå‘˜ç®¡ç†',NULL,NULL,0,'fa fa-address-card-o',0),(43,0,'å•†æˆ·ç®¡ç†',NULL,NULL,0,'fa fa-calculator',0),(44,42,'ä¼šå‘˜ä¿¡æ¯','crm/customer.html',NULL,1,NULL,0),(46,43,'å•†æˆ·ä¿¡æ¯','crm/merchant.html',NULL,1,NULL,0),(47,44,'æ–°å¢',NULL,'crm:customer:save',2,NULL,0),(48,44,'åˆ é™¤',NULL,'crm:customer:delete',2,NULL,0),(49,44,'æŸ¥è¯¢',NULL,'crm:customer:list,crm:customer:info',2,NULL,0),(50,44,'ä¿®æ”¹',NULL,'crm:customer:update',2,NULL,0),(51,0,'å•†å“ç®¡ç†',NULL,NULL,0,NULL,0),(52,51,'å•†å“åˆ†ç±»','erp/product_categary.html',NULL,1,'fa fa-film',0),(53,52,'æ–°å¢',NULL,'erp:productCategary:save',2,NULL,0),(54,52,'æŸ¥çœ‹',NULL,'erp:productCategary:list,erp:productCategary:info	',2,NULL,0),(55,52,'åˆ é™¤',NULL,'erp:productCategary:delete',2,NULL,0),(56,52,'æ›´æ–°',NULL,'erp:productCategary:update',2,NULL,0);

/*Table structure for table `sys_org` */

DROP TABLE IF EXISTS `sys_org`;

CREATE TABLE `sys_org` (
  `org_id` bigint(11) NOT NULL AUTO_INCREMENT,
  `org_no` varchar(32) DEFAULT NULL COMMENT 'æœºæ„éƒ¨é—¨ç¼–å·',
  `org_name` varchar(60) DEFAULT NULL COMMENT 'æœºæ„éƒ¨é—¨åç§°',
  `parent_id` bigint(11) DEFAULT NULL COMMENT 'æ‰€å±æœºæ„éƒ¨é—¨',
  `create_by` bigint(11) DEFAULT NULL COMMENT 'åˆ›å»ºäººuser_id',
  `create_time` timestamp NOT NULL DEFAULT CURRENT_TIMESTAMP ON UPDATE CURRENT_TIMESTAMP COMMENT 'åˆ›å»ºæ—¶é—´',
  `last_update_by` bigint(11) DEFAULT NULL COMMENT 'æœ€åä¿®æ”¹äººuser_id',
  `last_update_time` timestamp NOT NULL DEFAULT '0000-00-00 00:00:00' COMMENT 'æœ€åä¿®æ”¹æ—¶é—´',
  `org_level` int(11) DEFAULT NULL COMMENT 'æœºæ„éƒ¨é—¨æ’åºå·',
  PRIMARY KEY (`org_id`)
) ENGINE=InnoDB AUTO_INCREMENT=5 DEFAULT CHARSET=utf8;

/*Data for the table `sys_org` */

insert  into `sys_org`(`org_id`,`org_no`,`org_name`,`parent_id`,`create_by`,`create_time`,`last_update_by`,`last_update_time`,`org_level`) values (3,'2','23',NULL,NULL,'2017-04-05 22:43:10',NULL,'2017-04-05 22:43:10',233),(4,'54','54',NULL,NULL,'2017-04-16 16:01:32',NULL,'2017-04-16 16:01:32',5);

/*Table structure for table `sys_oss` */

DROP TABLE IF EXISTS `sys_oss`;

CREATE TABLE `sys_oss` (
  `id` bigint(20) NOT NULL AUTO_INCREMENT,
  `url` varchar(200) DEFAULT NULL COMMENT 'URLåœ°å€',
  `create_date` datetime DEFAULT NULL COMMENT 'åˆ›å»ºæ—¶é—´',
  PRIMARY KEY (`id`)
) ENGINE=InnoDB AUTO_INCREMENT=2 DEFAULT CHARSET=utf8 COMMENT='æ–‡ä»¶ä¸Šä¼ ';

/*Data for the table `sys_oss` */

insert  into `sys_oss`(`id`,`url`,`create_date`) values (1,'http://7xqbwh.dl1.z0.glb.clouddn.com/upload/20170330/044d99a1f13e45f0ba291a7713d4d800','2017-03-30 22:55:43');

/*Table structure for table `sys_role` */

DROP TABLE IF EXISTS `sys_role`;

CREATE TABLE `sys_role` (
  `role_id` bigint(20) NOT NULL AUTO_INCREMENT,
  `role_name` varchar(100) DEFAULT NULL COMMENT 'è§’è‰²åç§°',
  `remark` varchar(100) DEFAULT NULL COMMENT 'å¤‡æ³¨',
  `create_user_id` bigint(20) DEFAULT NULL COMMENT 'åˆ›å»ºè€…ID',
  `create_time` datetime DEFAULT NULL COMMENT 'åˆ›å»ºæ—¶é—´',
  PRIMARY KEY (`role_id`)
) ENGINE=InnoDB DEFAULT CHARSET=utf8 COMMENT='è§’è‰²';

/*Data for the table `sys_role` */

/*Table structure for table `sys_role_menu` */

DROP TABLE IF EXISTS `sys_role_menu`;

CREATE TABLE `sys_role_menu` (
  `id` bigint(20) NOT NULL AUTO_INCREMENT,
  `role_id` bigint(20) DEFAULT NULL COMMENT 'è§’è‰²ID',
  `menu_id` bigint(20) DEFAULT NULL COMMENT 'èœå•ID',
  PRIMARY KEY (`id`)
) ENGINE=InnoDB DEFAULT CHARSET=utf8 COMMENT='è§’è‰²ä¸èœå•å¯¹åº”å…³ç³»';

/*Data for the table `sys_role_menu` */

/*Table structure for table `sys_user` */

DROP TABLE IF EXISTS `sys_user`;

CREATE TABLE `sys_user` (
  `user_id` bigint(20) NOT NULL AUTO_INCREMENT,
  `username` varchar(50) NOT NULL COMMENT 'ç”¨æˆ·å',
  `password` varchar(100) DEFAULT NULL COMMENT 'å¯†ç ',
  `email` varchar(100) DEFAULT NULL COMMENT 'é‚®ç®±',
  `mobile` varchar(100) DEFAULT NULL COMMENT 'æ‰‹æœºå·',
  `status` tinyint(4) DEFAULT NULL COMMENT 'çŠ¶æ€  0ï¼šç¦ç”¨   1ï¼šæ­£å¸¸',
  `create_user_id` bigint(20) DEFAULT NULL COMMENT 'åˆ›å»ºè€…ID',
  `create_time` datetime DEFAULT NULL COMMENT 'åˆ›å»ºæ—¶é—´',
  PRIMARY KEY (`user_id`),
  UNIQUE KEY `username` (`username`)
) ENGINE=InnoDB AUTO_INCREMENT=2 DEFAULT CHARSET=utf8 COMMENT='ç³»ç»Ÿç”¨æˆ·';

/*Data for the table `sys_user` */

insert  into `sys_user`(`user_id`,`username`,`password`,`email`,`mobile`,`status`,`create_user_id`,`create_time`) values (1,'admin','8c6976e5b5410415bde908bd4dee15dfb167a9c873fc4bb8a81f6f2ab448a918','root@renren.io','13612345678',1,NULL,'2016-11-11 11:11:11');

/*Table structure for table `sys_user_role` */

DROP TABLE IF EXISTS `sys_user_role`;

CREATE TABLE `sys_user_role` (
  `id` bigint(20) NOT NULL AUTO_INCREMENT,
  `user_id` bigint(20) DEFAULT NULL COMMENT 'ç”¨æˆ·ID',
  `role_id` bigint(20) DEFAULT NULL COMMENT 'è§’è‰²ID',
  PRIMARY KEY (`id`)
) ENGINE=InnoDB DEFAULT CHARSET=utf8 COMMENT='ç”¨æˆ·ä¸è§’è‰²å¯¹åº”å…³ç³»';

/*Data for the table `sys_user_role` */

/*Table structure for table `tb_token` */

DROP TABLE IF EXISTS `tb_token`;

CREATE TABLE `tb_token` (
  `user_id` bigint(20) NOT NULL,
  `token` varchar(100) NOT NULL COMMENT 'token',
  `expire_time` datetime DEFAULT NULL COMMENT 'è¿‡æœŸæ—¶é—´',
  `update_time` datetime DEFAULT NULL COMMENT 'æ›´æ–°æ—¶é—´',
  PRIMARY KEY (`user_id`),
  UNIQUE KEY `token` (`token`)
) ENGINE=InnoDB DEFAULT CHARSET=utf8 COMMENT='ç”¨æˆ·Token';

/*Data for the table `tb_token` */

/*Table structure for table `tb_user` */

DROP TABLE IF EXISTS `tb_user`;

CREATE TABLE `tb_user` (
  `user_id` bigint(20) NOT NULL AUTO_INCREMENT,
  `username` varchar(50) NOT NULL COMMENT 'ç”¨æˆ·å',
  `mobile` varchar(20) NOT NULL COMMENT 'æ‰‹æœºå·',
  `password` varchar(64) DEFAULT NULL COMMENT 'å¯†ç ',
  `create_time` datetime DEFAULT NULL COMMENT 'åˆ›å»ºæ—¶é—´',
  PRIMARY KEY (`user_id`),
  UNIQUE KEY `username` (`username`)
) ENGINE=InnoDB AUTO_INCREMENT=2 DEFAULT CHARSET=utf8 COMMENT='ç”¨æˆ·';

/*Data for the table `tb_user` */

insert  into `tb_user`(`user_id`,`username`,`mobile`,`password`,`create_time`) values (1,'mark','13612345678','8c6976e5b5410415bde908bd4dee15dfb167a9c873fc4bb8a81f6f2ab448a918','2017-03-23 22:37:41');

/*!40101 SET SQL_MODE=@OLD_SQL_MODE */;
/*!40014 SET FOREIGN_KEY_CHECKS=@OLD_FOREIGN_KEY_CHECKS */;
/*!40014 SET UNIQUE_CHECKS=@OLD_UNIQUE_CHECKS */;
/*!40111 SET SQL_NOTES=@OLD_SQL_NOTES */;
